Feria;Fecha;Especie;Cabezas;Peso Promedio;1 er;2 do;3 er;4 to;5 to;Promedio 5PP;Promedio General
Osorno;LUNES 06 DE ABRIL DE 2020;Novillo Gordo;130;523,12;1300;1298;1282;1275;1272;1285,57;1119,89
Osorno;LUNES 06 DE ABRIL DE 2020;Novillo Engorda;0;0;0;0;0;0;0;0;0
Osorno;LUNES 06 DE ABRIL DE 2020;Novillo Gordo ExportaciÃ³n;15;544,93;1248;1200;810;700;0;1067,5;1067,5
Osorno;LUNES 06 DE ABRIL DE 2020;Vacas Gordas;49;487,49;850;825;820;800;800;818,74;633,34
Osorno;LUNES 06 DE ABRIL DE 2020;Vaquillas Gordas;8;415;1050;850;850;0;0;875,3;875,3
Osorno;LUNES 06 DE ABRIL DE 2020;Vacas Engorda;21;422,67;680;350;320;310;240;371,26;357,68
Osorno;LUNES 06 DE ABRIL DE 2020;Vaca Carnaza;89;10,85;905;900;860;840;790;862,06;702,69
Osorno;LUNES 06 DE ABRIL DE 2020;Vaquillas Engorda;0;0;0;0;0;0;0;0;0
Osorno;LUNES 06 DE ABRIL DE 2020;Terneros;0;0;0;0;0;0;0;0;0
Osorno;LUNES 06 DE ABRIL DE 2020;Bueyes;5;674,2;850;600;500;400;400;534;534
Osorno;LUNES 06 DE ABRIL DE 2020;Toros;0;0;0;0;0;0;0;0;0
Osorno;LUNES 06 DE ABRIL DE 2020;Cerdos Industriales;0;0;0;0;0;0;0;0;0
Osorno;LUNES 06 DE ABRIL DE 2020;Cerdos Maltones;0;0;0;0;0;0;0;0;0
Osorno;LUNES 06 DE ABRIL DE 2020;Caballares;0;0;0;0;0;0;0;0;0
Osorno;LUNES 06 DE ABRIL DE 2020;Terneras;0;0;0;0;0;0;0;0;0
Osorno;LUNES 06 DE ABRIL DE 2020;Corderos;0;0;0;0;0;0;0;0;0
Osorno;LUNES 06 DE ABRIL DE 2020;Lechones;0;0;0;0;0;0;0;0;0
Osorno;LUNES 06 DE ABRIL DE 2020;Ovejas;0;0;0;0;0;0;0;0;0
Paillaco;MARTES 07 DE ABRIL DE 2020;Novillo Gordo;2;435;850;0;0;0;0;850;850
Paillaco;MARTES 07 DE ABRIL DE 2020;Novillo Engorda;33;366,42;1000;980;900;900;800;946,12;902,53
Paillaco;MARTES 07 DE ABRIL DE 2020;Vacas Gordas;22;469,27;875;800;700;665;600;721,44;566,03
Paillaco;MARTES 07 DE ABRIL DE 2020;Vaquillas Gordas;25;387,6;1105;1100;1050;1040;1000;1043,34;954,6
Paillaco;MARTES 07 DE ABRIL DE 2020;Vacas Engorda;9;393;650;515;505;450;400;501,22;487,49
Paillaco;MARTES 07 DE ABRIL DE 2020;Vaca Carnaza;19;87;750;685;650;525;500;664,93;631,7
Paillaco;MARTES 07 DE ABRIL DE 2020;Vaquillas Engorda;25;278,08;800;735;700;700;630;697,56;609
Paillaco;MARTES 07 DE ABRIL DE 2020;Terneros;128;200,28;1120;1120;1100;1090;1050;1098,35;959,92
Paillaco;MARTES 07 DE ABRIL DE 2020;Bueyes;1;593;400;0;0;0;0;400;400
Paillaco;MARTES 07 DE ABRIL DE 2020;Toros;2;609;625;450;0;0;0;522,99;522,99
Paillaco;MARTES 07 DE ABRIL DE 2020;Cerdos Industriales;0;0;0;0;0;0;0;0;0
Paillaco;MARTES 07 DE ABRIL DE 2020;Cerdos Maltones;0;0;0;0;0;0;0;0;0
Paillaco;MARTES 07 DE ABRIL DE 2020;Caballares;2;384;700;500;0;0;0;600,52;600,52
Paillaco;MARTES 07 DE ABRIL DE 2020;Terneras;22;212,68;905;860;810;810;800;820,53;777,02
Paillaco;MARTES 07 DE ABRIL DE 2020;Corderos;0;0;0;0;0;0;0;0;0
Paillaco;MARTES 07 DE ABRIL DE 2020;Lechones;5;0;500;300;0;0;0;399;399
Paillaco;MARTES 07 DE ABRIL DE 2020;Ovejas;0;0;0;0;0;0;0;0;0
Puerto Montt;MIERCOLES 08 DE ABRIL DE 2020;Novillo Gordo;72;497,94;1245;1230;1192;1188;1172;1204,42;1056,14
Puerto Montt;MIERCOLES 08 DE ABRIL DE 2020;Novillo Engorda;120;389,01;1150;1140;1140;1140;1100;1142,23;1084,07
Puerto Montt;MIERCOLES 08 DE ABRIL DE 2020;Vacas Gordas;111;524,29;815;800;790;785;770;791,29;620,78
Puerto Montt;MIERCOLES 08 DE ABRIL DE 2020;Vaquillas Gordas;19;434,84;950;935;920;920;900;925,13;841,03
Puerto Montt;MIERCOLES 08 DE ABRIL DE 2020;Vacas Engorda;49;446,49;660;640;620;590;575;599,07;463,08
Puerto Montt;MIERCOLES 08 DE ABRIL DE 2020;Vaca Carnaza;26;85,96;768;765;750;750;730;755,63;691,94
Puerto Montt;MIERCOLES 08 DE ABRIL DE 2020;Vaquillas Engorda;56;277,91;920;900;900;865;860;894,2;832,99
Puerto Montt;MIERCOLES 08 DE ABRIL DE 2020;Terneros;489;238,72;1330;1330;1290;1260;1260;1283,14;1120,5
Puerto Montt;MIERCOLES 08 DE ABRIL DE 2020;Bueyes;1;523;650;0;0;0;0;650;650
Puerto Montt;MIERCOLES 08 DE ABRIL DE 2020;Toros;14;694,14;1100;1070;1065;1020;1010;1055,66;935,08
Puerto Montt;MIERCOLES 08 DE ABRIL DE 2020;Cerdos Industriales;0;0;0;0;0;0;0;0;0
Puerto Montt;MIERCOLES 08 DE ABRIL DE 2020;Cerdos Maltones;0;0;0;0;0;0;0;0;0
Puerto Montt;MIERCOLES 08 DE ABRIL DE 2020;Caballares;0;0;0;0;0;0;0;0;0
Puerto Montt;MIERCOLES 08 DE ABRIL DE 2020;Terneras;314;205,86;1360;1130;1105;1090;1050;1112,52;908,56
Puerto Montt;MIERCOLES 08 DE ABRIL DE 2020;Corderos;0;0;0;0;0;0;0;0;0
Puerto Montt;MIERCOLES 08 DE ABRIL DE 2020;Lechones;6;0;650;535;0;0;0;579,5;579,5
Puerto Montt;MIERCOLES 08 DE ABRIL DE 2020;Ovejas;0;0;0;0;0;0;0;0;0
Puerto Varas;VIERNES 03 DE ABRIL DE 2020;Novillo Gordo;0;0;0;0;0;0;0;0;0
Puerto Varas;VIERNES 03 DE ABRIL DE 2020;Novillo Engorda;25;356,2;850;820;810;800;790;813,84;809,04
Puerto Varas;VIERNES 03 DE ABRIL DE 2020;Vacas Gordas;13;551,46;860;750;675;660;620;712,15;590,79
Puerto Varas;VIERNES 03 DE ABRIL DE 2020;Vaquillas Gordas;12;401,5;980;950;850;830;725;846,53;846,53
Puerto Varas;VIERNES 03 DE ABRIL DE 2020;Vacas Engorda;2;382,5;430;0;0;0;0;430;430
Puerto Varas;VIERNES 03 DE ABRIL DE 2020;Vaca Carnaza;24;17,5;715;630;630;630;600;629,26;594,95
Puerto Varas;VIERNES 03 DE ABRIL DE 2020;Vaquillas Engorda;7;285;1005;700;0;0;0;938,5;938,5
Puerto Varas;VIERNES 03 DE ABRIL DE 2020;Terneros;215;229,74;1260;1260;1240;1240;1200;1246,68;1080,86
Puerto Varas;VIERNES 03 DE ABRIL DE 2020;Bueyes;0;0;0;0;0;0;0;0;0
Puerto Varas;VIERNES 03 DE ABRIL DE 2020;Toros;0;0;0;0;0;0;0;0;0
Puerto Varas;VIERNES 03 DE ABRIL DE 2020;Cerdos Industriales;0;0;0;0;0;0;0;0;0
Puerto Varas;VIERNES 03 DE ABRIL DE 2020;Cerdos Maltones;0;0;0;0;0;0;0;0;0
Puerto Varas;VIERNES 03 DE ABRIL DE 2020;Caballares;0;0;0;0;0;0;0;0;0
Puerto Varas;VIERNES 03 DE ABRIL DE 2020;Terneras;46;164,78;1050;1025;850;850;810;967,41;760,58
Puerto Varas;VIERNES 03 DE ABRIL DE 2020;Corderos;0;0;0;0;0;0;0;0;0
Puerto Varas;VIERNES 03 DE ABRIL DE 2020;Lechones;14;0;800;750;640;540;0;703,81;703,81
Puerto Varas;VIERNES 03 DE ABRIL DE 2020;Ovejas;0;0;0;0;0;0;0;0;0
Osorno;LUNES 30 DE MARZO DE 2020;Novillo Gordo;217;538,52;1360;1350;1345;1330;1320;1341,59;1107,96
Osorno;LUNES 30 DE MARZO DE 2020;Novillo Engorda;109;321,12;1000;950;900;900;850;937,01;764,45
Osorno;LUNES 30 DE MARZO DE 2020;Novillo Gordo Exportación;55;507,25;1200;1150;1132;1120;1100;1139,82;1082,97
Osorno;LUNES 30 DE MARZO DE 2020;Vacas Gordas;146;514,58;960;960;950;920;900;940,44;669,07
Osorno;LUNES 30 DE MARZO DE 2020;Vaquillas Gordas;58;459,22;1110;1080;1050;1050;1050;1062,34;925,5
Osorno;LUNES 30 DE MARZO DE 2020;Vacas Engorda;5;389,8;490;400;0;0;0;459,29;459,29
Osorno;LUNES 30 DE MARZO DE 2020;Vaca Carnaza;66;370,11;928;858;850;850;850;871,16;746,55
Osorno;LUNES 30 DE MARZO DE 2020;Vaquillas Engorda;55;293,91;880;850;795;780;710;818,33;667,64
Osorno;LUNES 30 DE MARZO DE 2020;Terneros;94;243,94;1020;1020;950;950;950;963,61;781,01
Osorno;LUNES 30 DE MARZO DE 2020;Bueyes;4;810,5;580;515;495;0;0;541,15;541,15
Osorno;LUNES 30 DE MARZO DE 2020;Toros;19;658,84;1050;1015;1000;975;965;1002,84;844,34
Osorno;LUNES 30 DE MARZO DE 2020;Cerdos Industriales;0;0;0;0;0;0;0;0;0
Osorno;LUNES 30 DE MARZO DE 2020;Cerdos Maltones;0;0;0;0;0;0;0;0;0
Osorno;LUNES 30 DE MARZO DE 2020;Caballares;0;0;0;0;0;0;0;0;0
Osorno;LUNES 30 DE MARZO DE 2020;Terneras;87;193,93;785;750;720;700;600;717,36;546,26
Osorno;LUNES 30 DE MARZO DE 2020;Corderos;0;0;0;0;0;0;0;0;0
Osorno;LUNES 30 DE MARZO DE 2020;Lechones;4;0;620;618;0;0;0;619,14;619,14
Osorno;LUNES 30 DE MARZO DE 2020;Ovejas;0;0;0;0;0;0;0;0;0
Paillaco;MARTES 31 DE MARZO DE 2020;Novillo Gordo;0;0;0;0;0;0;0;0;0
Paillaco;MARTES 31 DE MARZO DE 2020;Novillo Engorda;15;354,8;930;930;790;730;550;857,17;857,17
Paillaco;MARTES 31 DE MARZO DE 2020;Vacas Gordas;33;480,97;800;605;580;572;570;597,65;519,68
Paillaco;MARTES 31 DE MARZO DE 2020;Vaquillas Gordas;26;436,19;945;930;900;895;870;908,89;821,83
Paillaco;MARTES 31 DE MARZO DE 2020;Vacas Engorda;37;416,54;650;598;560;550;550;595,15;460,85
Paillaco;MARTES 31 DE MARZO DE 2020;Vaca Carnaza;14;303,36;650;580;560;500;500;558,78;524,36
Paillaco;MARTES 31 DE MARZO DE 2020;Vaquillas Engorda;8;293,13;750;705;700;600;530;670,16;631,95
Paillaco;MARTES 31 DE MARZO DE 2020;Terneros;119;209,61;1100;1100;1080;1075;1070;1077,11;938,61
Paillaco;MARTES 31 DE MARZO DE 2020;Bueyes;1;794;500;0;0;0;0;500;500
Paillaco;MARTES 31 DE MARZO DE 2020;Toros;3;733,33;620;525;505;0;0;555,4;555,4
Paillaco;MARTES 31 DE MARZO DE 2020;Cerdos Industriales;0;0;0;0;0;0;0;0;0
Paillaco;MARTES 31 DE MARZO DE 2020;Cerdos Maltones;0;0;0;0;0;0;0;0;0
Paillaco;MARTES 31 DE MARZO DE 2020;Caballares;3;312,67;697,33;310;210;0;0;426,98;426,98
Paillaco;MARTES 31 DE MARZO DE 2020;Terneras;96;195,28;1090;1060;1030;970;960;1015,61;921,26
Paillaco;MARTES 31 DE MARZO DE 2020;Corderos;0;0;0;0;0;0;0;0;0
Paillaco;MARTES 31 DE MARZO DE 2020;Lechones;6;0;750;650;520;0;0;647,3;647,3
Paillaco;MARTES 31 DE MARZO DE 2020;Ovejas;0;0;0;0;0;0;0;0;0
Puerto Montt;MIERCOLES 01 DE ABRIL DE 2020;Novillo Gordo;126;497,89;1212;1210;1200;1188;1180;1195,51;1067,81
Puerto Montt;MIERCOLES 01 DE ABRIL DE 2020;Novillo Engorda;9;325;1020;970;950;700;0;959,69;959,69
Puerto Montt;MIERCOLES 01 DE ABRIL DE 2020;Vacas Gordas;95;527,02;852;820;790;750;745;781,19;651,66
Puerto Montt;MIERCOLES 01 DE ABRIL DE 2020;Vaquillas Gordas;93;440,84;1205;1090;1080;1065;1065;1084,54;956,94
Puerto Montt;MIERCOLES 01 DE ABRIL DE 2020;Vacas Engorda;22;457,5;665;620;595;582;580;608,55;576,02
Puerto Montt;MIERCOLES 01 DE ABRIL DE 2020;Vaca Carnaza;110;15,97;865;840;835;808;800;826,23;679,8
Puerto Montt;MIERCOLES 01 DE ABRIL DE 2020;Vaquillas Engorda;59;269,92;980;950;920;920;900;938,58;887,1
Puerto Montt;MIERCOLES 01 DE ABRIL DE 2020;Terneros;443;230,9;1270;1270;1250;1240;1240;1246,81;1153,39
Puerto Montt;MIERCOLES 01 DE ABRIL DE 2020;Bueyes;9;769,11;750;660;600;520;400;571,54;544,31
Puerto Montt;MIERCOLES 01 DE ABRIL DE 2020;Toros;13;735,46;1050;1045;1000;1000;990;1016,47;954,42
Puerto Montt;MIERCOLES 01 DE ABRIL DE 2020;Cerdos Industriales;0;0;0;0;0;0;0;0;0
Puerto Montt;MIERCOLES 01 DE ABRIL DE 2020;Cerdos Maltones;0;0;0;0;0;0;0;0;0
Puerto Montt;MIERCOLES 01 DE ABRIL DE 2020;Caballares;1;585;645;0;0;0;0;645;645
Puerto Montt;MIERCOLES 01 DE ABRIL DE 2020;Terneras;212;197,67;1360;1130;1105;1090;1050;1112,52;956,57
Puerto Montt;MIERCOLES 01 DE ABRIL DE 2020;Corderos;0;0;0;0;0;0;0;0;0
Puerto Montt;MIERCOLES 01 DE ABRIL DE 2020;Lechones;0;0;0;0;0;0;0;0;0
Puerto Montt;MIERCOLES 01 DE ABRIL DE 2020;Ovejas;0;0;0;0;0;0;0;0;0
Puerto Varas;VIERNES 27 DE MARZO DE 2020;Novillo Gordo;0;0;0;0;0;0;0;0;0
Puerto Varas;VIERNES 27 DE MARZO DE 2020;Novillo Engorda;20;274,5;1175;800;800;790;670;1004,06;1004,06
Puerto Varas;VIERNES 27 DE MARZO DE 2020;Vacas Gordas;6;541,67;705;675;665;635;0;670,7;670,7
Puerto Varas;VIERNES 27 DE MARZO DE 2020;Vaquillas Gordas;0;0;0;0;0;0;0;0;0
Puerto Varas;VIERNES 27 DE MARZO DE 2020;Vacas Engorda;3;410;525;520;320;0;0;457,54;457,54
Puerto Varas;VIERNES 27 DE MARZO DE 2020;Vaca Carnaza;4;0;800;800;0;0;0;800;800
Puerto Varas;VIERNES 27 DE MARZO DE 2020;Vaquillas Engorda;69;280,87;1015;990;990;980;970;987,02;942,35
Puerto Varas;VIERNES 27 DE MARZO DE 2020;Terneros;78;219,74;1220;1220;1170;1170;1160;1179,93;1075,49
Puerto Varas;VIERNES 27 DE MARZO DE 2020;Bueyes;0;0;0;0;0;0;0;0;0
Puerto Varas;VIERNES 27 DE MARZO DE 2020;Toros;3;655,67;950;890;880;0;0;905,93;905,93
Puerto Varas;VIERNES 27 DE MARZO DE 2020;Cerdos Industriales;0;0;0;0;0;0;0;0;0
Puerto Varas;VIERNES 27 DE MARZO DE 2020;Cerdos Maltones;0;0;0;0;0;0;0;0;0
Puerto Varas;VIERNES 27 DE MARZO DE 2020;Caballares;0;0;0;0;0;0;0;0;0
Puerto Varas;VIERNES 27 DE MARZO DE 2020;Terneras;35;189,14;940;920;900;850;750;890,71;837,73
Puerto Varas;VIERNES 27 DE MARZO DE 2020;Corderos;0;0;0;0;0;0;0;0;0
Puerto Varas;VIERNES 27 DE MARZO DE 2020;Lechones;0;0;0;0;0;0;0;0;0
Puerto Varas;VIERNES 27 DE MARZO DE 2020;Ovejas;0;0;0;0;0;0;0;0;0
Osorno;LUNES 23 DE MARZO DE 2020;Novillo Gordo;158;506,86;1440;1400;1380;1370;1370;1395,43;1172,03
Osorno;LUNES 23 DE MARZO DE 2020;Novillo Engorda;151;326,79;1100;1090;1090;1070;1050;1078,2;929,89
Osorno;LUNES 23 DE MARZO DE 2020;Novillo Gordo Exportación;34;574,41;1330;1320;1318;1315;1195;1287,61;1186,33
Osorno;LUNES 23 DE MARZO DE 2020;Vacas Gordas;167;505,91;1195;1135;965;920;910;1051,28;712,81
Osorno;LUNES 23 DE MARZO DE 2020;Vaquillas Gordas;81;400,88;1240;1170;1110;1020;1002;1123,19;865,9
Osorno;LUNES 23 DE MARZO DE 2020;Vacas Engorda;9;465;615;595;490;465;450;516,54;494,7
Osorno;LUNES 23 DE MARZO DE 2020;Vaca Carnaza;92;28,26;855;750;745;745;745;772,22;635,88
Osorno;LUNES 23 DE MARZO DE 2020;Vaquillas Engorda;64;317,81;1078;905;875;850;850;893,76;776,8
Osorno;LUNES 23 DE MARZO DE 2020;Terneros;142;213,98;1158;1158;1132;1100;1050;1118,08;936,31
Osorno;LUNES 23 DE MARZO DE 2020;Bueyes;7;776,14;1015;978;855;632;595;745,92;713,33
Osorno;LUNES 23 DE MARZO DE 2020;Toros;7;800,29;1005;980;960;952;945;967,85;947,47
Osorno;LUNES 23 DE MARZO DE 2020;Cerdos Industriales;0;0;0;0;0;0;0;0;0
Osorno;LUNES 23 DE MARZO DE 2020;Cerdos Maltones;0;0;0;0;0;0;0;0;0
Osorno;LUNES 23 DE MARZO DE 2020;Caballares;4;426,25;600;400;390;300;0;443,61;443,61
Osorno;LUNES 23 DE MARZO DE 2020;Terneras;33;166,73;800;760;760;750;725;747,42;700,71
Osorno;LUNES 23 DE MARZO DE 2020;Corderos;0;0;0;0;0;0;0;0;0
Osorno;LUNES 23 DE MARZO DE 2020;Lechones;12;26,5;780;730;550;0;0;622,08;622,08
Osorno;LUNES 23 DE MARZO DE 2020;Ovejas;0;0;0;0;0;0;0;0;0
Paillaco;MARTES 24 DE MARZO DE 2020;Novillo Gordo;1;405;815;0;0;0;0;815;815
Paillaco;MARTES 24 DE MARZO DE 2020;Novillo Engorda;3;375;700;200;0;0;0;544,89;544,89
Paillaco;MARTES 24 DE MARZO DE 2020;Vacas Gordas;9;504,33;800;600;600;550;550;619,48;564,72
Paillaco;MARTES 24 DE MARZO DE 2020;Vaquillas Gordas;5;398,4;900;800;550;468;0;668,14;668,14
Paillaco;MARTES 24 DE MARZO DE 2020;Vacas Engorda;2;505,5;520;500;0;0;0;510,96;510,96
Paillaco;MARTES 24 DE MARZO DE 2020;Vaca Carnaza;21;316,29;780;745;730;730;700;736,06;709,46
Paillaco;MARTES 24 DE MARZO DE 2020;Vaquillas Engorda;17;279,41;700;630;600;400;350;546,51;546,51
Paillaco;MARTES 24 DE MARZO DE 2020;Terneros;101;167,74;1100;1100;1050;1030;1020;1062,9;754,55
Paillaco;MARTES 24 DE MARZO DE 2020;Bueyes;3;683,67;600;560;500;0;0;555,46;555,46
Paillaco;MARTES 24 DE MARZO DE 2020;Toros;1;726;800;0;0;0;0;800;800
Paillaco;MARTES 24 DE MARZO DE 2020;Cerdos Industriales;0;0;0;0;0;0;0;0;0
Paillaco;MARTES 24 DE MARZO DE 2020;Cerdos Maltones;0;0;0;0;0;0;0;0;0
Paillaco;MARTES 24 DE MARZO DE 2020;Caballares;1;568;300;0;0;0;0;300;300
Paillaco;MARTES 24 DE MARZO DE 2020;Terneras;74;217,68;980;895;880;850;830;915,07;586,56
Paillaco;MARTES 24 DE MARZO DE 2020;Corderos;0;0;0;0;0;0;0;0;0
Paillaco;MARTES 24 DE MARZO DE 2020;Lechones;6;0;700;650;500;0;0;613,9;613,9
Paillaco;MARTES 24 DE MARZO DE 2020;Ovejas;0;0;0;0;0;0;0;0;0
Puerto Montt;MIERCOLES 25 DE MARZO DE 2020;Novillo Gordo;87;503,47;1325;1300;1240;1235;1232;1248,58;1136,65
Puerto Montt;MIERCOLES 25 DE MARZO DE 2020;Novillo Engorda;77;371,17;1250;1210;1155;1150;1050;1137,56;971,97
Puerto Montt;MIERCOLES 25 DE MARZO DE 2020;Vacas Gordas;72;510,38;945;900;900;900;865;891,69;729,54
Puerto Montt;MIERCOLES 25 DE MARZO DE 2020;Vaquillas Gordas;64;450,88;1095;1072;1070;1070;1068;1073,27;1006,24
Puerto Montt;MIERCOLES 25 DE MARZO DE 2020;Vacas Engorda;19;440,21;620;610;605;600;550;595,04;521,44
Puerto Montt;MIERCOLES 25 DE MARZO DE 2020;Vaca Carnaza;60;0;990;942;910;900;885;922,02;766,15
Puerto Montt;MIERCOLES 25 DE MARZO DE 2020;Vaquillas Engorda;70;282,37;1100;1070;1070;1035;1000;1055,47;978,65
Puerto Montt;MIERCOLES 25 DE MARZO DE 2020;Terneros;311;251,38;1230;1230;1200;1200;1200;1205,74;1067,45
Puerto Montt;MIERCOLES 25 DE MARZO DE 2020;Bueyes;2;781,5;470;420;0;0;0;446,46;446,46
Puerto Montt;MIERCOLES 25 DE MARZO DE 2020;Toros;12;705,58;1060;1045;1005;985;965;1014,42;936,24
Puerto Montt;MIERCOLES 25 DE MARZO DE 2020;Cerdos Industriales;0;0;0;0;0;0;0;0;0
Puerto Montt;MIERCOLES 25 DE MARZO DE 2020;Cerdos Maltones;0;0;0;0;0;0;0;0;0
Puerto Montt;MIERCOLES 25 DE MARZO DE 2020;Caballares;1;440;780;0;0;0;0;780;500
Puerto Montt;MIERCOLES 25 DE MARZO DE 2020;Terneras;167;190,39;1055;1050;1045;1025;1005;1038;922,6
Puerto Montt;MIERCOLES 25 DE MARZO DE 2020;Corderos;0;0;0;0;0;0;0;0;0
Puerto Montt;MIERCOLES 25 DE MARZO DE 2020;Lechones;2;0;550;0;0;0;0;550;550
Puerto Montt;MIERCOLES 25 DE MARZO DE 2020;Ovejas;0;0;0;0;0;0;0;0;0
Puerto Varas;VIERNES 20 DE MARZO DE 2020;Novillo Gordo;2;522,5;970;850;0;0;0;909,48;909,48
Puerto Varas;VIERNES 20 DE MARZO DE 2020;Novillo Engorda;0;0;0;0;0;0;0;0;0
Puerto Varas;VIERNES 20 DE MARZO DE 2020;Vacas Gordas;8;517,25;702;700;660;650;580;639,37;639,37
Puerto Varas;VIERNES 20 DE MARZO DE 2020;Vaquillas Gordas;6;396,67;1030;1020;985;0;0;1016,69;1016,69
Puerto Varas;VIERNES 20 DE MARZO DE 2020;Vacas Engorda;4;363,25;500;300;0;0;0;363,32;363,32
Puerto Varas;VIERNES 20 DE MARZO DE 2020;Vaca Carnaza;12;343,17;740;738;735;505;470;665,13;665,13
Puerto Varas;VIERNES 20 DE MARZO DE 2020;Vaquillas Engorda;40;287,45;1050;980;910;900;900;936,24;838,11
Puerto Varas;VIERNES 20 DE MARZO DE 2020;Terneros;111;216,71;1220;1220;1200;1180;1170;1197,16;1136,18
Puerto Varas;VIERNES 20 DE MARZO DE 2020;Bueyes;0;0;0;0;0;0;0;0;0
Puerto Varas;VIERNES 20 DE MARZO DE 2020;Toros;2;691,5;800;700;0;0;0;755,31;755,31
Puerto Varas;VIERNES 20 DE MARZO DE 2020;Cerdos Industriales;0;0;0;0;0;0;0;0;0
Puerto Varas;VIERNES 20 DE MARZO DE 2020;Cerdos Maltones;0;0;0;0;0;0;0;0;0
Puerto Varas;VIERNES 20 DE MARZO DE 2020;Caballares;0;0;0;0;0;0;0;0;0
Puerto Varas;VIERNES 20 DE MARZO DE 2020;Terneras;31;158,23;960;910;800;740;730;852,99;807,1
Puerto Varas;VIERNES 20 DE MARZO DE 2020;Corderos;0;0;0;0;0;0;0;0;0
Puerto Varas;VIERNES 20 DE MARZO DE 2020;Lechones;2;0;570;0;0;0;0;570;570
Puerto Varas;VIERNES 20 DE MARZO DE 2020;Ovejas;0;0;0;0;0;0;0;0;0
Osorno;LUNES 16 DE MARZO DE 2020;Novillo Gordo;344;509,31;1360;1360;1350;1350;1340;1351,87;1074,91
Osorno;LUNES 16 DE MARZO DE 2020;Novillo Engorda;57;392,11;2005;1975;1150;1100;1055;1492,85;878,26
Osorno;LUNES 16 DE MARZO DE 2020;Novillo Gordo Exportación;19;568,68;1320;1300;1235;1180;1155;1230,46;1220,92
Osorno;LUNES 16 DE MARZO DE 2020;Vacas Gordas;174;514,35;915;895;890;880;840;887,67;597,59
Osorno;LUNES 16 DE MARZO DE 2020;Vaquillas Gordas;131;405,45;1220;1200;1180;1180;1175;1190,07;914,09
Osorno;LUNES 16 DE MARZO DE 2020;Vacas Engorda;29;390,28;540;540;520;488;455;508,61;416,78
Osorno;LUNES 16 DE MARZO DE 2020;Vaca Carnaza;80;364,15;1035;970;950;910;900;981,49;692,42
Osorno;LUNES 16 DE MARZO DE 2020;Vaquillas Engorda;147;315,97;1040;1000;950;900;880;1009,44;746,45
Osorno;LUNES 16 DE MARZO DE 2020;Terneros;410;226,24;1190;1190;1168;1158;1115;1154,15;806,81
Osorno;LUNES 16 DE MARZO DE 2020;Bueyes;13;702,85;995;875;692;642;640;748,1;616,77
Osorno;LUNES 16 DE MARZO DE 2020;Toros;42;729,48;955;952;950;950;942;949,96;777,93
Osorno;LUNES 16 DE MARZO DE 2020;Cerdos Industriales;5;124,4;800;750;750;750;750;768,65;768,65
Osorno;LUNES 16 DE MARZO DE 2020;Cerdos Maltones;16;41,75;1300;1300;1230;1000;1000;1159,27;1022,77
Osorno;LUNES 16 DE MARZO DE 2020;Caballares;9;460,56;700;700;600;550;550;622,84;576,48
Osorno;LUNES 16 DE MARZO DE 2020;Terneras;68;214,04;960;950;900;900;760;908,1;780,44
Osorno;LUNES 16 DE MARZO DE 2020;Corderos;62;2,79;1300;1210;1050;0;0;1225,61;1225,61
Osorno;LUNES 16 DE MARZO DE 2020;Lechones;24;0;660;660;660;625;600;636,93;583,54
Osorno;LUNES 16 DE MARZO DE 2020;Ovejas;8;0;0;0;0;0;0;0;0
Paillaco;MARTES 17 DE MARZO DE 2020;Novillo Gordo;5;429,2;950;750;500;0;0;672,27;672,27
Paillaco;MARTES 17 DE MARZO DE 2020;Novillo Engorda;41;335,2;1020;900;850;690;640;920,14;727,35
Paillaco;MARTES 17 DE MARZO DE 2020;Vacas Gordas;89;487;800;750;750;735;682;727,56;557,02
Paillaco;MARTES 17 DE MARZO DE 2020;Vaquillas Gordas;24;375,46;870;860;850;828;800;844,64;724,97
Paillaco;MARTES 17 DE MARZO DE 2020;Vacas Engorda;40;436,3;775;565;550;545;520;579,14;473,16
Paillaco;MARTES 17 DE MARZO DE 2020;Vaca Carnaza;49;189,61;745;658;645;640;632;646,77;589,64
Paillaco;MARTES 17 DE MARZO DE 2020;Vaquillas Engorda;63;304,78;870;840;840;800;750;808,67;640,55
Paillaco;MARTES 17 DE MARZO DE 2020;Terneros;356;197,92;1180;1180;1100;1100;1100;1111,4;751,04
Paillaco;MARTES 17 DE MARZO DE 2020;Bueyes;12;719,75;695;950;602;600;580;640,36;565,48
Paillaco;MARTES 17 DE MARZO DE 2020;Toros;7;735,86;640;620;600;600;580;606,42;570,74
Paillaco;MARTES 17 DE MARZO DE 2020;Cerdos Industriales;1;114;705;0;0;0;0;705;705
Paillaco;MARTES 17 DE MARZO DE 2020;Cerdos Maltones;6;39,17;1210;1200;1120;1000;0;1125,96;1125,36
Paillaco;MARTES 17 DE MARZO DE 2020;Caballares;2;0;0;0;0;0;0;0;0
Paillaco;MARTES 17 DE MARZO DE 2020;Terneras;117;202,5;850;805;800;800;800;806,91;634,02
Paillaco;MARTES 17 DE MARZO DE 2020;Corderos;0;0;0;0;0;0;0;0;0
Paillaco;MARTES 17 DE MARZO DE 2020;Lechones;81;0;905;850;810;795;780;819,29;657,51
Paillaco;MARTES 17 DE MARZO DE 2020;Ovejas;0;0;0;0;0;0;0;0;0
Puerto Montt;MIERCOLES 18 DE MARZO DE 2020;Novillo Gordo;131;511,4;1200;1182;1155;1150;1150;1165,49;1030,46
Puerto Montt;MIERCOLES 18 DE MARZO DE 2020;Novillo Engorda;167;382,04;1195;1150;1150;1145;1140;1148,48;1001,14
Puerto Montt;MIERCOLES 18 DE MARZO DE 2020;Vacas Gordas;170;534,52;905;880;868;862;850;871,62;653,86
Puerto Montt;MIERCOLES 18 DE MARZO DE 2020;Vaquillas Gordas;140;439,41;1120;1065;1040;1035;1030;1058,28;910,04
Puerto Montt;MIERCOLES 18 DE MARZO DE 2020;Vacas Engorda;23;444,83;590;580;568;560;550;576,25;504,3
Puerto Montt;MIERCOLES 18 DE MARZO DE 2020;Vaca Carnaza;58;67,69;950;855;850;838;830;854,31;700,75
Puerto Montt;MIERCOLES 18 DE MARZO DE 2020;Vaquillas Engorda;131;294,6;1095;1045;1040;1030;1030;1046,3;882,25
Puerto Montt;MIERCOLES 18 DE MARZO DE 2020;Terneros;668;226,68;1380;1380;1270;1260;1250;1285,4;1046,93
Puerto Montt;MIERCOLES 18 DE MARZO DE 2020;Bueyes;14;754,07;900;870;850;730;700;816,52;609,71
Puerto Montt;MIERCOLES 18 DE MARZO DE 2020;Toros;25;679,64;940;905;880;850;835;881,28;733,49
Puerto Montt;MIERCOLES 18 DE MARZO DE 2020;Cerdos Industriales;0;0;0;0;0;0;0;0;0
Puerto Montt;MIERCOLES 18 DE MARZO DE 2020;Cerdos Maltones;0;0;0;0;0;0;0;0;0
Puerto Montt;MIERCOLES 18 DE MARZO DE 2020;Caballares;1;375;500;0;0;0;0;500;500
Puerto Montt;MIERCOLES 18 DE MARZO DE 2020;Terneras;132;197,35;1120;1100;1060;1050;1040;1072,95;919,99
Puerto Montt;MIERCOLES 18 DE MARZO DE 2020;Corderos;0;0;0;0;0;0;0;0;0
Puerto Montt;MIERCOLES 18 DE MARZO DE 2020;Lechones;4;0;630;500;0;0;0;556,33;556,33
Puerto Montt;MIERCOLES 18 DE MARZO DE 2020;Ovejas;0;0;0;0;0;0;0;0;0
Puerto Varas;VIERNES 13 DE MARZO DE 2020;Novillo Gordo;0;0;0;0;0;0;0;0;0
Puerto Varas;VIERNES 13 DE MARZO DE 2020;Novillo Engorda;37;276,49;1215;1170;1150;1100;1080;1142,86;1142,86
Puerto Varas;VIERNES 13 DE MARZO DE 2020;Vacas Gordas;13;481;810;788;680;668;610;743,32;680,48
Puerto Varas;VIERNES 13 DE MARZO DE 2020;Vaquillas Gordas;3;440,33;970;900;755;0;0;879,29;879,29
Puerto Varas;VIERNES 13 DE MARZO DE 2020;Vacas Engorda;7;477,43;575;570;500;500;370;521,48;499,68
Puerto Varas;VIERNES 13 DE MARZO DE 2020;Vaca Carnaza;6;0;725;708;645;602;0;650,84;650,84
Puerto Varas;VIERNES 13 DE MARZO DE 2020;Vaquillas Engorda;15;281;1205;1000;990;930;800;1016,04;1016,04
Puerto Varas;VIERNES 13 DE MARZO DE 2020;Terneros;206;210,22;1250;1250;1220;1220;1210;1225,99;1091
Puerto Varas;VIERNES 13 DE MARZO DE 2020;Bueyes;0;0;0;0;0;0;0;0;0
Puerto Varas;VIERNES 13 DE MARZO DE 2020;Toros;4;831,5;1020;1010;950;950;0;978,64;978,64
Puerto Varas;VIERNES 13 DE MARZO DE 2020;Cerdos Industriales;0;0;0;0;0;0;0;0;0
Puerto Varas;VIERNES 13 DE MARZO DE 2020;Cerdos Maltones;0;0;0;0;0;0;0;0;0
Puerto Varas;VIERNES 13 DE MARZO DE 2020;Caballares;0;0;0;0;0;0;0;0;0
Puerto Varas;VIERNES 13 DE MARZO DE 2020;Terneras;74;193,99;1170;1120;1110;1075;1050;1076,13;890,28
Puerto Varas;VIERNES 13 DE MARZO DE 2020;Corderos;0;0;0;0;0;0;0;0;0
Puerto Varas;VIERNES 13 DE MARZO DE 2020;Lechones;4;0;715;650;0;0;0;678,73;678,73
Puerto Varas;VIERNES 13 DE MARZO DE 2020;Ovejas;0;0;0;0;0;0;0;0;0
